item-17,CP Postcard Gagarin ,Barang sisa lamaaaa bgt,10000,2020-01-21 15:18:38 +0000 +0000,2020-01-21 15:18:38 +0000 +0000
item-18,CP Postcard tanda kena sihir,Lucu,10000,2020-01-21 15:21:04 +0000 +0000,2020-01-21 15:21:04 +0000 +0000
item-19,CP Postcard Didi Kempot,Koyo ngene rasane wong nandang kangen ,10000,2020-01-21 15:25:13 +0000 +0000,2020-01-21 15:25:13 +0000 +0000
item-20,Yovi Postcard Arthuria,Stok CF13 ,10000,2020-01-21 15:26:42 +0000 +0000,2020-01-21 15:26:42 +0000 +0000
item-21,Yovi Postcard Oda,Stok CF13,10000,2020-01-21 15:27:31 +0000 +0000,2020-01-21 15:27:31 +0000 +0000
item-22,Irina Postcard Nero,Stok CF13,10000,2020-01-21 15:28:19 +0000 +0000,2020-01-21 15:28:19 +0000 +0000
item-23,Yovi Postcard Jeanne,Stok CF13,10000,2020-01-21 15:28:55 +0000 +0000,2020-01-21 15:28:55 +0000 +0000
item-24,Kurui Postcard NASA,Stok CF12,10000,2020-01-21 15:29:26 +0000 +0000,2020-01-21 15:29:26 +0000 +0000
item-25,Kurui Postcard K.da,Stok CF12,10000,2020-01-21 15:30:51 +0000 +0000,2020-01-21 15:30:51 +0000 +0000
item-26,Kurui Postcard Namjoon,Stok CF12,10000,2020-01-21 15:33:03 +0000 +0000,2020-01-21 15:33:03 +0000 +0000
item-27,Kestrel Postcard MLBB,Stok CF12,10000,2020-01-21 15:39:43 +0000 +0000,2020-01-21 15:39:43 +0000 +0000
item-28,Kurui Postcard Promised Neverland,Stok CF12,10000,2020-01-21 15:41:39 +0000 +0000,2020-01-21 15:41:39 +0000 +0000
item-29,CP Postcard Yuri on Ice,Stok CF12 ,10000,2020-01-21 15:51:26 +0000 +0000,2020-01-21 15:51:26 +0000 +0000
item-30,Kurui Postcard Yoosung,Stok CF12,10000,2020-01-21 15:59:32 +0000 +0000,2020-01-21 15:59:32 +0000 +0000
item-31,Kurui Postcard Ash&Eiji,Stok CF12,10000,2020-01-21 16:00:12 +0000 +0000,2020-01-21 16:00:12 +0000 +0000
item-32,Avlilyu Postcard Undertale,Stok CF12,10000,2020-01-21 16:07:51 +0000 +0000,2020-01-21 16:07:51 +0000 +0000
item-33,Lev Postcard Kimetsu no Yaiba ,Stok CF13,10000,2020-01-21 16:08:48 +0000 +0000,2020-01-21 16:08:48 +0000 +0000
item-34,Rafi Poster Dorothy,Stok CF10,15000,2020-01-21 16:17:21 +0000 +0000,2020-01-21 16:17:21 +0000 +0000
item-35,Rafi Poster Dana,Stok CF10,15000,2020-01-21 16:17:47 +0000 +0000,2020-01-21 16:17:47 +0000 +0000
item-36,Nopal Poster Columbine,Stok CF11,15000,2020-01-21 16:19:27 +0000 +0000,2020-01-21 16:19:27 +0000 +0000
item-37,Vito Poster HK416,Stok CF11,15000,2020-01-21 16:20:02 +0000 +0000,2020-01-21 16:20:02 +0000 +0000
item-38,Dama Poster IDW,Stok CF11,15000,2020-01-21 16:20:50 +0000 +0000,2020-01-21 16:20:50 +0000 +0000
item-39,Dama Poster FNC,Stok CF11,15000,2020-01-21 16:22:07 +0000 +0000,2020-01-21 16:22:07 +0000 +0000
item-40,Kyokaz Poster Sachiko ,Stok CF13 (reprint) ,15000,2020-01-21 16:23:07 +0000 +0000,2020-01-21 16:23:07 +0000 +0000
item-41,Comifuro Poster BLOCK BOOTH,Stok CF13,5000,2020-01-21 16:24:27 +0000 +0000,2020-01-21 16:24:27 +0000 +0000
item-42,CP Little Witch Komunis,Stok CF9,15000,2020-01-21 16:26:40 +0000 +0000,2020-01-21 16:26:40 +0000 +0000
item-43,Kyokaz Poster Fallen Light,Stok CF11,15000,2020-01-21 16:27:53 +0000 +0000,2020-01-21 16:27:53 +0000 +0000
item-44,Kyokaz Poster Riva ,Stok CF13 (Reprint) ,15000,2020-01-21 16:28:49 +0000 +0000,2020-01-21 16:28:49 +0000 +0000
item-45,Kurui Poster Blue haired girl?? Idk her name,Stok CF12,15000,2020-01-21 16:35:10 +0000 +0000,2020-01-21 16:35:10 +0000 +0000
item-46,Kurui Poster Lisa Bleping Blackpink,Stok CF12,15000,2020-01-21 16:36:29 +0000 +0000,2020-01-21 16:36:29 +0000 +0000
item-47,Irina Poster Fate,Stok CF11ish idk 10 kali i might be wrong,15000,2020-01-21 16:38:27 +0000 +0000,2020-01-21 16:38:27 +0000 +0000
item-48,Kurui Gantungan Kunci Nezuko,Stok CF13,10000,2020-01-21 16:39:30 +0000 +0000,2020-01-21 16:39:30 +0000 +0000
item-49,Kurui Gantungan Kunci Bongo Cat,Stok CF13,10000,2020-01-21 16:39:54 +0000 +0000,2020-01-21 16:39:54 +0000 +0000
item-50,Ivan buku vasily scratchbook,Sepeda baru,15000,2020-01-21 16:42:21 +0000 +0000,2020-01-21 16:42:21 +0000 +0000
item-51,Joanna buku banana fish,Jualin dong tolong,30000,2020-01-21 16:43:13 +0000 +0000,2020-01-21 16:43:13 +0000 +0000
item-52,CP baju anime XL,Galucu,50000,2020-01-21 16:44:52 +0000 +0000,2020-01-21 16:44:52 +0000 +0000
item-53,CP baju anime L,Ini juga galucu ,50000,2020-01-21 16:45:37 +0000 +0000,2020-01-21 16:45:37 +0000 +0000
item-54,CP Baju anime M,Tai kontol family,50000,2020-01-21 16:46:49 +0000 +0000,2020-01-21 16:46:49 +0000 +0000
item-55,CP baju ora udud XL,Tai ,50000,2020-01-21 16:47:28 +0000 +0000,2020-01-21 16:47:28 +0000 +0000
item-56,CP baju muse XL ,Muslim sejati itu adalah orang yang kita sayang,50000,2020-01-21 16:49:14 +0000 +0000,2020-01-21 16:49:14 +0000 +0000
item-57,CP baju muse L,Gw ga tau is a great place to work ,50000,2020-01-21 16:49:40 +0000 +0000,2020-01-21 16:49:40 +0000 +0000
item-58,CP baju muse M,Gw ga tau is a great place to work for and it is ,50000,2020-01-21 16:50:10 +0000 +0000,2020-01-21 16:50:10 +0000 +0000
item-59,CP baju ABC 5 dasar XL,Ich habe die gelesen und akzeptiere diese Neuerungen und weist zus√§tzlich grosse Freude,50000,2020-01-21 16:51:27 +0000 +0000,2020-01-21 16:51:27 +0000 +0000
item-60,CP baju joy division L ,I don't want him to have any trouble getting him in to see if ,50000,2020-01-21 16:52:09 +0000 +0000,2020-01-21 16:52:09 +0000 +0000
item-61,CP baju joy division M,Lelelelelelelelele kontoooooool,50000,2020-01-21 16:52:53 +0000 +0000,2020-01-21 16:52:53 +0000 +0000
item-62,CP baju asia afrika XL,Ich bin sehr zufrieden mit der neusten Technologie ,50000,2020-01-21 16:53:36 +0000 +0000,2020-01-21 16:53:36 +0000 +0000
item-63,CP baju not my fucking business M,Ich bin sehr gespannt sein und ich werde ,50000,2020-01-21 16:54:24 +0000 +0000,2020-01-21 16:54:24 +0000 +0000
item-64,CP baju not my fucking business L,Gw ga bisa tidur di Indonesia,50000,2020-01-21 16:55:21 +0000 +0000,2020-01-21 16:55:21 +0000 +0000
item-65,CP baju not my fucking business XL,Gw ga mau di bayarin semua hal yg tidak suka menunggu hal yg paling ,50000,2020-01-21 16:56:02 +0000 +0000,2020-01-21 16:56:02 +0000 +0000
item-66,CP baju i don't speak anime L,I don't want him to have any trouble ,50000,2020-01-21 16:56:50 +0000 +0000,2020-01-21 16:56:50 +0000 +0000
item-67,CP baju i hate kids M,I hat kid,50000,2020-01-21 16:58:05 +0000 +0000,2020-01-21 16:58:05 +0000 +0000
item-68,CP baju i hate kids L,Gw ga tau is a great place to work ,50000,2020-01-21 16:58:38 +0000 +0000,2020-01-21 16:58:38 +0000 +0000
item-69,CP baju that's a pretty sad gay story L,Gw ga tau is a great place to work ,50000,2020-01-21 16:59:23 +0000 +0000,2020-01-21 16:59:23 +0000 +0000
item-70,CP baju kumaha sia M,Gw ga tau is a great place to work for ,50000,2020-01-21 16:59:56 +0000 +0000,2020-01-21 16:59:56 +0000 +0000
item-71,CP baju kumaha sia XL ,Gw ga tau is a great place to work for ,50000,2020-01-21 17:00:17 +0000 +0000,2020-01-21 17:00:17 +0000 +0000
item-73,Harriet Sticker Siege Girls,Stok CF13,2000,2020-01-21 17:48:43 +0000 +0000,2020-01-21 17:48:43 +0000 +0000
item-74,3x Stiker (all variant) ,Semua stiker original CP. Satu item di stock = 3 sticker,5000,2020-01-21 17:52:48 +0000 +0000,2020-01-21 17:52:48 +0000 +0000
item-76,Kestrel Postcard Nana ML,Stok CF12,10000,2020-01-27 17:26:45 +0000 +0000,2020-01-27 17:26:45 +0000 +0000
item-77,Kestrel Postcard 2 maid lookin girls idk where from,Stok CF12,10000,2020-01-27 17:27:33 +0000 +0000,2020-01-27 17:27:33 +0000 +0000
item-78,Gil Keychain UPJ,Aiiromori (stok lama),20000,2020-01-31 16:11:18 +0000 +0000,2020-01-31 16:11:18 +0000 +0000
item-79,Ruui Keychain Megumin,Aiiromori (stok lama),20000,2020-01-31 16:12:03 +0000 +0000,2020-01-31 16:12:03 +0000 +0000
item-80,Aiiromori Poster Bananapis,Aiiromori Stok Cf11,15000,2020-01-31 16:13:43 +0000 +0000,2020-01-31 16:13:43 +0000 +0000
item-81,Aiiromori Sticker (all variant),Aiiromori Stok Lama,5000,2020-01-31 16:20:17 +0000 +0000,2020-01-31 16:20:17 +0000 +0000
item-82,CozyFront Pacific ,Stok CF13,80000,2020-02-03 20:05:32 +0000 +0000,2020-02-03 20:05:32 +0000 +0000
item-83,CozyMaster,Stok Reprint CF13,80000,2020-02-03 20:05:49 +0000 +0000,2020-02-03 20:05:49 +0000 +0000
item-84,CozyFront Eastern Front,Stok Reprint CF13,80000,2020-02-03 20:06:26 +0000 +0000,2020-02-03 20:06:26 +0000 +0000
item-85,Rei Postcard Kroos,Stok CF14,10000,2020-02-20 15:24:39 +0000 +0000,2020-02-20 15:24:39 +0000 +0000
item-86,Yovi Postcard P38 Lightning,Stok CF14,10000,2020-02-20 15:25:09 +0000 +0000,2020-02-20 15:25:09 +0000 +0000
item-87,Yovi Postcard Mitsubishi Zero,Stok CF14,10000,2020-02-20 15:25:31 +0000 +0000,2020-02-20 15:25:31 +0000 +0000
item-88,Rafi Postcard NMAX,Stok CF14,10000,2020-02-20 15:25:59 +0000 +0000,2020-02-20 15:25:59 +0000 +0000
item-89,CP Postcard Fuck You Anjing,Stok CF14,10000,2020-02-20 15:26:47 +0000 +0000,2020-02-20 15:26:47 +0000 +0000
item-90,Thom Postcard Science,Stok Cf14,10000,2020-02-20 15:27:11 +0000 +0000,2020-02-20 15:27:11 +0000 +0000
item-91,Gesit Poster Snowstorm,Stok CF14,15000,2020-02-20 15:27:33 +0000 +0000,2020-02-20 15:27:33 +0000 +0000
item-92,Faiz Poster Leningrad,Stok CF14,15000,2020-02-20 15:36:09 +0000 +0000,2020-02-20 15:36:09 +0000 +0000
item-93,Yovi Poster Amiya,Stok CF14,15000,2020-02-20 15:36:33 +0000 +0000,2020-02-20 15:36:33 +0000 +0000
item-94,Yovi Poster Stalingrad,Stok CF14,15000,2020-02-20 15:36:55 +0000 +0000,2020-02-20 15:36:55 +0000 +0000
item-95,Yovi Poster Kaos,Stok CF14,15000,2020-02-20 15:37:10 +0000 +0000,2020-02-20 15:37:10 +0000 +0000
item-96,Yovi Poster Nanban,Stok CF14,15000,2020-02-20 15:37:28 +0000 +0000,2020-02-20 15:37:28 +0000 +0000
item-101,Thom Poster Sledge,Stok CF14,15000,2020-02-20 15:43:52 +0000 +0000,2020-02-20 15:43:52 +0000 +0000
item-106,Nopal Poster Lappland,Barang aiiromori,15000,2020-02-21 15:08:50 +0000 +0000,2020-02-21 15:08:50 +0000 +0000
item-107,Nopal Poster Specter,Barang aiiromori,15000,2020-02-21 15:09:19 +0000 +0000,2020-02-21 15:09:19 +0000 +0000
item-110,Dawey Poster Rushia,Barang aiiromori,15000,2020-02-21 15:13:02 +0000 +0000,2020-02-21 15:13:02 +0000 +0000
item-123,Dawey Poster Abigail,Barang aiiromori,15000,2020-02-21 16:36:05 +0000 +0000,2020-02-21 16:36:05 +0000 +0000
item-97,Rei Poster Myo Drag,Stok F14,15000,2020-02-20 15:37:47 +0000 +0000,2020-02-20 15:37:47 +0000 +0000
item-104,Rafi Poster Shoot,Stok CF14,15000,2020-02-20 15:44:38 +0000 +0000,2020-02-20 15:44:38 +0000 +0000
item-124,Nopal Poster AR15,Batang aiiromori,15000,2020-02-21 16:38:01 +0000 +0000,2020-02-21 16:38:01 +0000 +0000
item-130,Mahran Poster Grizzly GFL,Barang aiiromori,15000,2020-02-21 16:47:46 +0000 +0000,2020-02-21 16:47:46 +0000 +0000
item-132,Vito Poster WA2000,Barang aiiromori,15000,2020-02-21 16:48:40 +0000 +0000,2020-02-21 16:48:40 +0000 +0000
item-138,Ruui Poster Tsukiko2 OC,Barang aiiromori,15000,2020-02-21 17:07:17 +0000 +0000,2020-02-21 17:07:17 +0000 +0000
item-98,Faiz Postee Seelow Heights ,Stok CF14,15000,2020-02-20 15:38:06 +0000 +0000,2020-02-20 15:38:06 +0000 +0000
item-102,Thom Poster Blitz,Stok CF14,15000,2020-02-20 15:44:05 +0000 +0000,2020-02-20 15:44:05 +0000 +0000
item-121,Ruui Poster Sirius,Barang aiiromori,15000,2020-02-21 16:32:23 +0000 +0000,2020-02-21 16:32:23 +0000 +0000
item-135,Nopal Poster Amanda OC,Barang aiiromori,15000,2020-02-21 16:53:24 +0000 +0000,2020-02-21 16:53:24 +0000 +0000
item-99,Thom Poster Candela Ying,Stok CF14,15000,2020-02-20 15:43:22 +0000 +0000,2020-02-20 15:43:22 +0000 +0000
item-100,Thom Poster Fuze ,Stok CF14,15000,2020-02-20 15:43:36 +0000 +0000,2020-02-20 15:43:36 +0000 +0000
item-103,Rafi Poster Jump,Stok CF14,15000,2020-02-20 15:44:26 +0000 +0000,2020-02-20 15:44:26 +0000 +0000
item-105,Nopal Poster Grani,Barang aiiromori,15000,2020-02-21 15:08:10 +0000 +0000,2020-02-21 15:08:10 +0000 +0000
item-113,Aria Poster Sciamano,Setan,15000,2020-02-21 15:17:10 +0000 +0000,2020-02-21 15:17:10 +0000 +0000
item-114,Aria Poster Yalung,CF14,15000,2020-02-21 15:17:42 +0000 +0000,2020-02-21 15:17:42 +0000 +0000
item-115,Aria Poster Hirate,CF14,15000,2020-02-21 15:18:28 +0000 +0000,2020-02-21 15:18:28 +0000 +0000
item-118,Dawey Poster Akaga,Barang aiiromori,15000,2020-02-21 16:28:19 +0000 +0000,2020-02-21 16:28:19 +0000 +0000
item-125,Nopal Poster Hokusai FGO,Barang aiiromori,15000,2020-02-21 16:39:41 +0000 +0000,2020-02-21 16:39:41 +0000 +0000
item-126,Ruui Poster Jalter FGO,Barang aiiromori,15000,2020-02-21 16:43:32 +0000 +0000,2020-02-21 16:43:32 +0000 +0000
item-133,Dawey Poster Musashi FGO,Barang aiiromori,15000,2020-02-21 16:49:52 +0000 +0000,2020-02-21 16:49:52 +0000 +0000
item-134,Ruui Poster Skadi,Barang aiiromori,15000,2020-02-21 16:51:58 +0000 +0000,2020-02-21 16:51:58 +0000 +0000
item-136,Nopal Poster Amanda2 OC,Barang aiiromori,15000,2020-02-21 16:54:39 +0000 +0000,2020-02-21 16:54:39 +0000 +0000
item-137,Ruui Poster Tsukiko OC,Barang aiiromori,15000,2020-02-21 17:06:38 +0000 +0000,2020-02-21 17:06:38 +0000 +0000
item-140,Seto Buku Kursi,Stok CF14,15000,2020-02-22 02:47:51 +0000 +0000,2020-02-22 02:47:51 +0000 +0000
item-109,Dawey Poster Nearl,Barang aiiromori,15000,2020-02-21 15:11:05 +0000 +0000,2020-02-21 15:11:05 +0000 +0000
item-128,Nopal Poster Nero FGO,Barang aiiromori,15000,2020-02-21 16:46:23 +0000 +0000,2020-02-21 16:46:23 +0000 +0000
item-129,Nopal Poster Saber FGO,Barang aiiromori,15000,2020-02-21 16:47:07 +0000 +0000,2020-02-21 16:47:07 +0000 +0000
item-139,Gacha Tarik,Gacha Tarik,5000,2020-02-22 02:07:56 +0000 +0000,2020-02-22 02:07:56 +0000 +0000
item-111,Ruui Poster Okakoro,Barang aiiromori,15000,2020-02-21 15:15:08 +0000 +0000,2020-02-21 15:15:08 +0000 +0000
item-120,Ruui Poster OokamiMio,Barang aiiromori,15,2020-02-21 16:31:23 +0000 +0000,2020-02-21 16:31:23 +0000 +0000
item-122,Dawey Poster Chisato,Barang aiiromori,15000,2020-02-21 16:34:54 +0000 +0000,2020-02-21 16:34:54 +0000 +0000
item-131,Mahran Poster Vector GFL,Barang aiiromori,15000,2020-02-21 16:48:16 +0000 +0000,2020-02-21 16:48:16 +0000 +0000
item-112,Vito Poster Mashu,Barang aiiromori,15000,2020-02-21 15:15:50 +0000 +0000,2020-02-21 15:15:50 +0000 +0000
item-116,Dwi Buku Kancolle,Barang titipan,5000,2020-02-21 15:21:26 +0000 +0000,2020-02-21 15:21:26 +0000 +0000
item-119,Ruui Poster Illustrious,Barang aiiromori,15000,2020-02-21 16:29:20 +0000 +0000,2020-02-21 16:29:20 +0000 +0000
item-141,Blueprint Sledge,Stok CF14 ,15000,2020-02-22 02:56:39 +0000 +0000,2020-02-22 02:56:39 +0000 +0000
item-142,Blueprint Blitz,Stock CF14 ,15000,2020-02-22 02:57:15 +0000 +0000,2020-02-22 02:57:15 +0000 +0000
item-143,Blueprint Ying,Stock CF14,15000,2020-02-22 02:57:48 +0000 +0000,2020-02-22 02:57:48 +0000 +0000
item-144,Stock Fuze,Stock CF14,15000,2020-02-22 02:58:00 +0000 +0000,2020-02-22 02:58:00 +0000 +0000
item-145,Tangsel Dream,Collab artbook,55000,2020-02-22 03:07:13 +0000 +0000,2020-02-22 03:07:13 +0000 +0000
item-146,Stiker serius x1,Stiker serius 5000x1,5000,2020-02-22 03:43:05 +0000 +0000,2020-02-22 03:43:05 +0000 +0000
item-147,Cp postcard dislokasi,Stock CF14,10000,2020-02-22 05:29:45 +0000 +0000,2020-02-22 05:29:45 +0000 +0000
item-148,CP Postcard Sistem Tidak Stabil,Stok CF14,10000,2020-02-22 06:07:28 +0000 +0000,2020-02-22 06:07:28 +0000 +0000
item-149,CP Postcard Gas Ideal,Stok CF14,10000,2020-02-22 06:07:53 +0000 +0000,2020-02-22 06:07:53 +0000 +0000
item-150,Rafi Postcard Catbytes,Stok CF14 (enggak akurat),10000,2020-02-22 06:25:05 +0000 +0000,2020-02-22 06:25:05 +0000 +0000
item-152,CP Postcard dongdot,Stok CF14,10000,2020-02-22 07:42:26 +0000 +0000,2020-02-22 07:42:26 +0000 +0000
item-153,CP Postcard rumus,Stok tidak akurat CF14,10000,2020-02-22 08:48:17 +0000 +0000,2020-02-22 08:48:17 +0000 +0000
item-154,Thom poster crash ,Stok tidak akurat,15000,2020-02-22 09:27:39 +0000 +0000,2020-02-22 09:27:39 +0000 +0000
item-155,UU ITE postcard,Stok tidak akurat,10000,2020-02-22 10:22:44 +0000 +0000,2020-02-22 10:22:44 +0000 +0000
item-156,Tidak untung fuck you anjing,Yes,10000,2020-02-23 04:04:09 +0000 +0000,2020-02-23 04:04:09 +0000 +0000
item-157,Lomba mewarnai,Yes,5000,2020-02-23 05:21:06 +0000 +0000,2020-02-23 05:21:06 +0000 +0000
item-158,X Banner Amiya,Lelang,100000,2020-02-23 05:36:05 +0000 +0000,2020-02-23 05:36:05 +0000 +0000
item-159,Serba serbi 5000,Yes,5000,2020-02-23 10:14:53 +0000 +0000,2020-02-23 10:14:53 +0000 +0000
